Metadata_EOS,Total_Well_Count,Available_Concentrations_Str,Available_Plates_Str
DMSO,3948,0,"B1001, B1002, B1003, B1004, B1005, B1006, B1007"
EOS100001,20,10,B1001
EOS100002,20,10,B1001
EOS100003,20,10,B1001
EOS100004,20,10,B1001
EOS100005,20,10,B1001
EOS100006,20,10,B1001
EOS100007,20,10,B1001
EOS100008,20,10,B1001
EOS100009,20,10,B1001
EOS100010,20,10,B1001
EOS100011,20,10,B1001
EOS100012,20,10,B1001
EOS100013,20,10,B1001
EOS100014,20,10,B1001
EOS100015,20,10,B1001
EOS100016,20,10,B1001
EOS100017,20,10,B1001
EOS100018,20,10,B1001
EOS100019,20,10,B1001
EOS100020,20,10,B1001
EOS100021,20,10,B1001
EOS100022,20,10,B1001
EOS100023,20,10,B1001
EOS100024,20,10,B1001
EOS100025,20,10,B1001
EOS100026,20,10,B1001
EOS100027,20,10,B1001
EOS100028,20,10,B1001
EOS100029,20,10,B1001
EOS100030,20,10,B1001
EOS100031,20,10,B1001
EOS100032,20,10,B1001
EOS100033,20,10,B1001
EOS100034,20,10,B1001
EOS100035,20,10,B1001
EOS100036,20,10,B1001
EOS100037,20,10,B1001
EOS100038,20,10,B1001
EOS100039,20,10,B1001
EOS100040,20,10,B1001
EOS100041,20,10,B1001
EOS100042,20,10,B1001
EOS100043,20,10,B1001
EOS100044,20,10,B1001
EOS100045,20,10,B1001
EOS100046,20,10,B1001
EOS100047,20,10,B1001
EOS100048,20,10,B1001
EOS100049,20,10,B1001
EOS100050,20,10,B1001
EOS100051,20,10,B1001
EOS100052,20,10,B1001
EOS100053,20,10,B1001
EOS100054,20,10,B1001
EOS100055,20,10,B1001
EOS100056,20,10,B1001
EOS100057,20,10,B1001
EOS100058,20,10,B1001
EOS100059,20,10,B1001
EOS100060,20,10,B1001
EOS100061,20,10,B1001
EOS100062,20,10,B1001
EOS100063,20,10,B1001
EOS100064,20,10,B1001
EOS100065,20,10,B1001
EOS100066,20,10,B1001
EOS100067,20,10,B1001
EOS100068,20,10,B1001
EOS100069,20,10,B1001
EOS100070,20,10,B1001
EOS100071,20,10,B1001
EOS100072,20,10,B1001
EOS100073,20,10,B1001
EOS100074,20,10,B1001
EOS100075,20,10,B1001
EOS100076,20,10,B1001
EOS100077,20,10,B1001
EOS100078,20,10,B1001
EOS100079,20,10,B1001
EOS100080,20,10,B1001
EOS100081,20,10,B1001
EOS100082,20,10,B1001
EOS100083,20,10,B1001
EOS100084,20,10,B1001
EOS100085,20,10,B1001
EOS100086,20,10,B1001
EOS100087,20,10,B1001
EOS100088,20,10,B1001
EOS100089,20,10,B1001
EOS100090,20,10,B1001
EOS100091,20,10,B1001
EOS100092,20,10,B1001
EOS100093,20,10,B1001
EOS100094,20,10,B1001
EOS100095,20,10,B1001
EOS100096,20,10,B1001
EOS100097,20,10,B1001
EOS100098,20,10,B1001
EOS100099,20,10,B1001
EOS100100,20,10,B1001
EOS100101,20,10,B1001
EOS100102,20,10,B1001
EOS100103,20,10,B1001
EOS100104,20,10,B1001
EOS100105,20,10,B1001
EOS100106,20,10,B1001
EOS100107,20,10,B1001
EOS100108,20,10,B1001
EOS100109,20,10,B1001
EOS100110,20,10,B1001
EOS100111,20,10,B1001
EOS100112,20,10,B1001
EOS100113,20,10,B1001
EOS100114,20,10,B1001
EOS100115,20,10,B1001
EOS100116,20,10,B1001
EOS100117,20,10,B1001
EOS100118,20,10,B1001
EOS100119,20,10,B1001
EOS100120,20,10,B1001
EOS100121,20,10,B1001
EOS100122,20,10,B1001
EOS100123,20,10,B1001
EOS100124,20,10,B1001
EOS100125,20,10,B1001
EOS100126,20,10,B1001
EOS100127,20,10,B1001
EOS100128,20,10,B1001
EOS100129,20,10,B1001
EOS100130,20,10,B1001
EOS100131,20,10,B1001
EOS100132,20,10,B1001
EOS100133,20,10,B1001
EOS100134,20,10,B1001
EOS100135,20,10,B1001
EOS100136,20,10,B1001
EOS100137,20,10,B1001
EOS100138,20,10,B1001
EOS100139,20,10,B1001
EOS100140,20,10,B1001
EOS100141,20,10,B1001
EOS100142,20,10,B1001
EOS100143,20,10,B1001
EOS100144,20,10,B1001
EOS100145,20,10,B1001
EOS100146,20,10,B1001
EOS100147,20,10,B1001
EOS100148,20,10,B1001
EOS100149,20,10,B1001
EOS100150,20,10,B1001
EOS100151,20,10,B1001
EOS100152,20,10,B1001
EOS100153,20,10,B1001
EOS100154,20,10,B1001
EOS100155,20,10,B1001
EOS100156,20,10,B1001
EOS100157,20,10,B1001
EOS100158,20,10,B1001
EOS100159,20,10,B1001
EOS100160,20,10,B1001
EOS100161,20,10,B1001
EOS100162,20,10,B1001
EOS100163,20,10,B1001
EOS100164,20,10,B1001
EOS100165,20,10,B1001
EOS100166,20,10,B1001
EOS100167,20,10,B1001
EOS100168,20,10,B1001
EOS100169,20,10,B1001
EOS100170,20,10,B1001
EOS100171,20,10,B1001
EOS100172,20,10,B1001
EOS100173,20,10,B1001
EOS100174,20,10,B1001
EOS100175,20,10,B1001
EOS100176,20,10,B1001
EOS100177,20,10,B1001
EOS100178,20,10,B1001
EOS100179,20,10,B1001
EOS100180,20,10,B1001
EOS100181,20,10,B1001
EOS100182,20,10,B1001
EOS100183,20,10,B1001
EOS100184,20,10,B1001
EOS100185,20,10,B1001
EOS100186,20,10,B1001
EOS100187,20,10,B1001
EOS100188,20,10,B1001
EOS100189,20,10,B1001
EOS100190,20,10,B1001
EOS100191,20,10,B1001
EOS100192,20,10,B1001
EOS100193,20,10,B1001
EOS100194,20,10,B1001
EOS100195,20,10,B1001
EOS100196,20,10,B1001
EOS100197,20,10,B1001
EOS100198,20,10,B1001
EOS100199,20,10,B1001
EOS100200,20,10,B1001
EOS100201,20,10,B1001
EOS100202,20,10,B1001
EOS100203,20,10,B1001
EOS100204,20,10,B1001
EOS100205,20,10,B1001
EOS100206,20,10,B1001
EOS100207,20,10,B1001
EOS100208,20,10,B1001
EOS100209,20,10,B1001
EOS100210,20,10,B1001
EOS100211,20,10,B1001
EOS100212,20,10,B1001
EOS100213,20,10,B1001
EOS100214,20,10,B1001
EOS100215,20,10,B1001
EOS100216,20,10,B1001
EOS100217,20,10,B1001
EOS100218,20,10,B1001
EOS100219,20,10,B1001
EOS100220,20,10,B1001
EOS100221,20,10,B1001
EOS100222,20,10,B1001
EOS100223,20,10,B1001
EOS100224,20,10,B1001
EOS100225,20,10,B1001
EOS100226,20,10,B1001
EOS100227,20,10,B1001
EOS100228,20,10,B1001
EOS100229,20,10,B1001
EOS100230,20,10,B1001
EOS100231,20,10,B1001
EOS100232,20,10,B1001
EOS100233,20,10,B1001
EOS100234,20,10,B1001
EOS100235,20,10,B1001
EOS100236,20,10,B1001
EOS100237,20,10,B1001
EOS100238,20,10,B1001
EOS100239,20,10,B1001
EOS100240,20,10,B1001
EOS100241,20,10,B1001
EOS100242,20,10,B1001
EOS100243,20,10,B1001
EOS100244,20,10,B1001
EOS100245,20,10,B1001
EOS100246,20,10,B1001
EOS100247,20,10,B1001
EOS100248,20,10,B1001
EOS100249,20,10,B1001
EOS100250,20,10,B1001
EOS100251,20,10,B1001
EOS100252,20,10,B1001
EOS100253,20,10,B1001
EOS100254,20,10,B1001
EOS100255,20,10,B1001
EOS100256,20,10,B1001
EOS100257,20,10,B1001
EOS100258,20,10,B1001
EOS100259,20,10,B1001
EOS100260,20,10,B1001
EOS100261,20,10,B1001
EOS100262,20,10,B1001
EOS100263,20,10,B1001
EOS100264,20,10,B1001
EOS100265,20,10,B1001
EOS100266,20,10,B1001
EOS100267,20,10,B1001
EOS100268,20,10,B1001
EOS100269,20,10,B1001
EOS100270,20,10,B1001
EOS100271,20,10,B1001
EOS100272,20,10,B1001
EOS100273,20,10,B1001
EOS100274,20,10,B1001
EOS100275,20,10,B1001
EOS100276,20,10,B1001
EOS100277,20,10,B1001
EOS100278,20,10,B1001
EOS100279,20,10,B1001
EOS100280,20,10,B1001
EOS100281,20,10,B1001
EOS100282,20,10,B1001
EOS100283,20,10,B1001
EOS100284,20,10,B1001
EOS100285,20,10,B1001
EOS100286,20,10,B1001
EOS100287,20,10,B1001
EOS100288,20,10,B1001
EOS100289,20,10,B1001
EOS100290,20,10,B1001
EOS100291,20,10,B1001
EOS100292,20,10,B1001
EOS100293,20,10,B1001
EOS100294,20,10,B1001
EOS100295,20,10,B1001
EOS100296,20,10,B1001
EOS100297,20,10,B1001
EOS100298,20,10,B1001
EOS100299,20,10,B1001
EOS100300,20,10,B1001
EOS100301,20,10,B1001
EOS100302,20,10,B1001
EOS100303,20,10,B1001
EOS100304,20,10,B1001
EOS100305,20,10,B1001
EOS100306,20,10,B1001
EOS100307,20,10,B1001
EOS100308,20,10,B1001
EOS100309,20,10,B1001
EOS100310,20,10,B1001
EOS100311,20,10,B1001
EOS100312,20,10,B1001
EOS100313,20,10,B1001
EOS100314,20,10,B1001
EOS100315,20,10,B1001
EOS100316,20,10,B1001
EOS100317,20,10,B1001
EOS100318,20,10,B1001
EOS100319,20,10,B1001
EOS100320,20,10,B1001
EOS100321,20,10,B1001
EOS100322,20,10,B1001
EOS100323,20,10,B1001
EOS100324,20,10,B1001
EOS100325,20,10,B1001
EOS100326,20,10,B1001
EOS100327,20,10,B1001
EOS100328,20,10,B1001
EOS100329,20,10,B1001
EOS100330,20,10,B1001
EOS100331,20,10,B1001
EOS100332,20,10,B1001
EOS100333,20,10,B1001
EOS100334,20,10,B1001
EOS100335,20,10,B1001
EOS100336,20,10,B1001
EOS100337,20,10,B1001
EOS100338,20,10,B1001
EOS100339,20,10,B1001
EOS100340,20,10,B1001
EOS100341,20,10,B1001
EOS100342,20,10,B1001
EOS100343,20,10,B1001
EOS100344,20,10,B1001
EOS100345,20,10,B1001
EOS100346,20,10,B1001
EOS100347,20,10,B1001
EOS100348,20,10,B1001
EOS100349,20,10,B1001
EOS100350,20,10,B1001
EOS100351,20,10,B1001
EOS100352,20,10,B1001
EOS100353,20,10,B1002
EOS100354,20,10,B1002
EOS100355,20,10,B1002
EOS100356,20,10,B1002
EOS100357,20,10,B1002
EOS100358,20,10,B1002
EOS100359,20,10,B1002
EOS100360,20,10,B1002
EOS100361,20,10,B1002
EOS100362,20,10,B1002
EOS100363,20,10,B1002
EOS100364,20,10,B1002
EOS100365,20,10,B1002
EOS100366,20,10,B1002
EOS100367,20,10,B1002
EOS100368,20,10,B1002
EOS100369,20,10,B1002
EOS100370,20,10,B1002
EOS100371,20,10,B1002
EOS100372,20,10,B1002
EOS100373,20,10,B1002
EOS100374,20,10,B1002
EOS100375,20,10,B1002
EOS100376,20,10,B1002
EOS100377,20,10,B1002
EOS100378,20,10,B1002
EOS100379,20,10,B1002
EOS100380,20,10,B1002
EOS100381,20,10,B1002
EOS100382,20,10,B1002
EOS100383,20,10,B1002
EOS100384,20,10,B1002
EOS100385,20,10,B1002
EOS100386,20,10,B1002
EOS100387,20,10,B1002
EOS100388,20,10,B1002
EOS100389,20,10,B1002
EOS100390,20,10,B1002
EOS100391,20,10,B1002
EOS100392,20,10,B1002
EOS100393,20,10,B1002
EOS100394,20,10,B1002
EOS100395,20,10,B1002
EOS100396,20,10,B1002
EOS100397,20,10,B1002
EOS100398,20,10,B1002
EOS100399,20,10,B1002
EOS100400,20,10,B1002
EOS100401,20,10,B1002
EOS100402,20,10,B1002
EOS100403,20,10,B1002
EOS100404,20,10,B1002
EOS100405,20,10,B1002
EOS100406,20,10,B1002
EOS100407,20,10,B1002
EOS100408,20,10,B1002
EOS100409,20,10,B1002
EOS100410,20,10,B1002
EOS100411,20,10,B1002
EOS100412,20,10,B1002
EOS100413,20,10,B1002
EOS100414,20,10,B1002
EOS100415,20,10,B1002
EOS100416,20,10,B1002
EOS100417,20,10,B1002
EOS100418,20,10,B1002
EOS100419,20,10,B1002
EOS100420,20,10,B1002
EOS100421,20,10,B1002
EOS100422,20,10,B1002
EOS100423,20,10,B1002
EOS100424,20,10,B1002
EOS100425,20,10,B1002
EOS100426,20,10,B1002
EOS100427,20,10,B1002
EOS100428,20,10,B1002
EOS100429,20,10,B1002
EOS100430,20,10,B1002
EOS100431,20,10,B1002
EOS100432,20,10,B1002
EOS100433,20,10,B1002
EOS100434,20,10,B1002
EOS100435,20,10,B1002
EOS100436,20,10,B1002
EOS100437,20,10,B1002
EOS100438,20,10,B1002
EOS100439,20,10,B1002
EOS100440,20,10,B1002
EOS100441,20,10,B1002
EOS100442,20,10,B1002
EOS100443,20,10,B1002
EOS100444,20,10,B1002
EOS100445,20,10,B1002
EOS100446,20,10,B1002
EOS100447,20,10,B1002
EOS100448,20,10,B1002
EOS100449,20,10,B1002
EOS100450,20,10,B1002
EOS100451,20,10,B1002
EOS100452,20,10,B1002
EOS100453,20,10,B1002
EOS100454,20,10,B1002
EOS100455,20,10,B1002
EOS100456,20,10,B1002
EOS100457,20,10,B1002
EOS100458,20,10,B1002
EOS100459,20,10,B1002
EOS100460,20,10,B1002
EOS100461,20,10,B1002
EOS100462,20,10,B1002
EOS100463,20,10,B1002
EOS100464,20,10,B1002
EOS100465,20,10,B1002
EOS100466,20,10,B1002
EOS100467,20,10,B1002
EOS100468,20,10,B1002
EOS100469,20,10,B1002
EOS100470,20,10,B1002
EOS100471,20,10,B1002
EOS100472,20,10,B1002
EOS100473,20,10,B1002
EOS100474,20,10,B1002
EOS100475,20,10,B1002
EOS100476,20,10,B1002
EOS100477,20,10,B1002
EOS100478,20,10,B1002
EOS100479,20,10,B1002
EOS100480,20,10,B1002
EOS100481,20,10,B1002
EOS100482,20,10,B1002
EOS100483,20,10,B1002
EOS100484,20,10,B1002
EOS100485,20,10,B1002
EOS100486,20,10,B1002
EOS100487,20,10,B1002
EOS100488,20,10,B1002
EOS100489,20,10,B1002
EOS100490,20,10,B1002
EOS100491,20,10,B1002
EOS100492,20,10,B1002
EOS100493,20,10,B1002
EOS100494,20,10,B1002
EOS100495,20,10,B1002
EOS100496,20,10,B1002
EOS100497,20,10,B1002
EOS100498,20,10,B1002
EOS100499,20,10,B1002
EOS100500,20,10,B1002
EOS100501,20,10,B1002
EOS100502,20,10,B1002
EOS100503,20,10,B1002
EOS100504,20,10,B1002
EOS100505,20,10,B1002
EOS100506,20,10,B1002
EOS100507,20,10,B1002
EOS100508,20,10,B1002
EOS100509,20,10,B1002
EOS100510,20,10,B1002
EOS100511,20,10,B1002
EOS100512,20,10,B1002
EOS100513,20,10,B1002
EOS100514,20,10,B1002
EOS100515,20,10,B1002
EOS100516,20,10,B1002
EOS100517,20,10,B1002
EOS100518,20,10,B1002
EOS100519,20,10,B1002
EOS100520,20,10,B1002
EOS100521,20,10,B1002
EOS100522,20,10,B1002
EOS100523,20,10,B1002
EOS100524,20,10,B1002
EOS100525,20,10,B1002
EOS100526,20,10,B1002
EOS100527,20,10,B1002
EOS100528,20,10,B1002
EOS100529,20,10,B1002
EOS100530,20,10,B1002
EOS100531,20,10,B1002
EOS100532,20,10,B1002
EOS100533,20,10,B1002
EOS100534,20,10,B1002
EOS100535,20,10,B1002
EOS100536,20,10,B1002
EOS100537,20,10,B1002
EOS100538,20,10,B1002
EOS100539,20,10,B1002
EOS100540,20,10,B1002
EOS100541,20,10,B1002
EOS100542,20,10,B1002
EOS100543,20,10,B1002
EOS100544,20,10,B1002
EOS100545,20,10,B1002
EOS100546,20,10,B1002
EOS100547,20,10,B1002
EOS100548,20,10,B1002
EOS100549,20,10,B1002
EOS100550,20,10,B1002
EOS100551,20,10,B1002
EOS100552,20,10,B1002
EOS100553,20,10,B1002
EOS100554,20,10,B1002
EOS100555,20,10,B1002
EOS100556,20,10,B1002
EOS100557,20,10,B1002
EOS100558,20,10,B1002
EOS100559,20,10,B1002
EOS100560,20,10,B1002
EOS100561,20,10,B1002
EOS100562,20,10,B1002
EOS100563,20,10,B1002
EOS100564,20,10,B1002
EOS100565,20,10,B1002
EOS100566,20,10,B1002
EOS100567,20,10,B1002
EOS100568,20,10,B1002
EOS100569,20,10,B1002
EOS100570,20,10,B1002
EOS100571,20,10,B1002
EOS100572,20,10,B1002
EOS100573,20,10,B1002
EOS100574,20,10,B1002
EOS100575,20,10,B1002
EOS100576,20,10,B1002
EOS100577,20,10,B1002
EOS100578,20,10,B1002
EOS100579,20,10,B1002
EOS100580,20,10,B1002
EOS100581,20,10,B1002
EOS100582,20,10,B1002
EOS100583,20,10,B1002
EOS100584,20,10,B1002
EOS100585,20,10,B1002
EOS100586,20,10,B1002
EOS100587,20,10,B1002
EOS100588,20,10,B1002
EOS100589,20,10,B1002
EOS100590,20,10,B1002
EOS100591,20,10,B1002
EOS100592,20,10,B1002
EOS100593,20,10,B1002
EOS100594,20,10,B1002
EOS100595,20,10,B1002
EOS100596,20,10,B1002
EOS100597,20,10,B1002
EOS100598,20,10,B1002
EOS100599,20,10,B1002
EOS100600,20,10,B1002
EOS100601,20,10,B1002
EOS100602,20,10,B1002
EOS100603,20,10,B1002
EOS100604,20,10,B1002
EOS100605,20,10,B1002
EOS100606,20,10,B1002
EOS100607,20,10,B1002
EOS100608,20,10,B1002
EOS100609,20,10,B1002
EOS100610,20,10,B1002
EOS100611,20,10,B1002
EOS100612,20,10,B1002
EOS100613,20,10,B1002
EOS100614,20,10,B1002
EOS100615,20,10,B1002
EOS100616,20,10,B1002
EOS100617,20,10,B1002
EOS100618,20,10,B1002
EOS100619,20,10,B1002
EOS100620,20,10,B1002
EOS100621,20,10,B1002
EOS100622,20,10,B1002
EOS100623,20,10,B1002
EOS100624,20,10,B1002
EOS100625,20,10,B1002
EOS100626,20,10,B1002
EOS100627,20,10,B1002
EOS100628,20,10,B1002
EOS100629,20,10,B1002
EOS100630,20,10,B1002
EOS100631,20,10,B1002
EOS100632,20,10,B1002
EOS100633,20,10,B1002
EOS100634,20,10,B1002
EOS100635,20,10,B1002
EOS100636,20,10,B1002
EOS100637,20,10,B1002
EOS100638,20,10,B1002
EOS100639,20,10,B1002
EOS100640,20,10,B1002
EOS100641,20,10,B1002
EOS100642,20,10,B1002
EOS100643,20,10,B1002
EOS100644,20,10,B1002
EOS100645,20,10,B1002
EOS100646,20,10,B1002
EOS100647,20,10,B1002
EOS100648,20,10,B1002
EOS100649,20,10,B1002
EOS100650,20,10,B1002
EOS100651,20,10,B1002
EOS100652,20,10,B1002
EOS100653,20,10,B1002
EOS100654,20,10,B1002
EOS100655,20,10,B1002
EOS100656,20,10,B1002
EOS100657,20,10,B1002
EOS100658,20,10,B1002
EOS100659,20,10,B1002
EOS100660,20,10,B1002
EOS100661,20,10,B1002
EOS100662,20,10,B1002
EOS100663,20,10,B1002
EOS100664,20,10,B1002
EOS100665,20,10,B1002
EOS100666,20,10,B1002
EOS100667,20,10,B1002
EOS100668,20,10,B1002
EOS100669,20,10,B1002
EOS100670,20,10,B1002
EOS100671,20,10,B1002
EOS100672,20,10,B1002
EOS100673,20,10,B1002
EOS100674,20,10,B1002
EOS100675,20,10,B1002
EOS100676,20,10,B1002
EOS100677,20,10,B1002
EOS100678,20,10,B1002
EOS100679,20,10,B1002
EOS100680,20,10,B1002
EOS100681,20,10,B1002
EOS100682,20,10,B1002
EOS100683,20,10,B1002
EOS100684,20,10,B1002
EOS100685,20,10,B1002
EOS100686,20,10,B1002
EOS100687,20,10,B1002
EOS100688,20,10,B1002
EOS100689,20,10,B1002
EOS100690,20,10,B1002
EOS100691,20,10,B1002
EOS100692,20,10,B1002
EOS100693,20,10,B1002
EOS100694,20,10,B1002
EOS100695,20,10,B1002
EOS100696,20,10,B1002
EOS100697,20,10,B1002
EOS100698,20,10,B1002
EOS100699,20,10,B1002
EOS100700,20,10,B1002
EOS100701,20,10,B1002
EOS100702,20,10,B1002
EOS100703,20,10,B1002
EOS100704,20,10,B1002
EOS100705,20,10,B1003
EOS100706,20,10,B1003
EOS100707,20,10,B1003
EOS100708,20,10,B1003
EOS100709,20,10,B1003
EOS100710,20,10,B1003
EOS100711,20,10,B1003
EOS100712,20,10,B1003
EOS100713,20,10,B1003
EOS100714,20,10,B1003
EOS100715,20,10,B1003
EOS100716,20,10,B1003
EOS100717,20,10,B1003
EOS100718,20,10,B1003
EOS100719,20,10,B1003
EOS100720,20,10,B1003
EOS100721,20,10,B1003
EOS100722,20,10,B1003
EOS100723,20,10,B1003
EOS100724,20,10,B1003
EOS100725,20,10,B1003
EOS100726,20,10,B1003
EOS100727,20,10,B1003
EOS100728,20,10,B1003
EOS100729,20,10,B1003
EOS100730,20,10,B1003
EOS100731,20,10,B1003
EOS100732,20,10,B1003
EOS100733,20,10,B1003
EOS100734,20,10,B1003
EOS100735,20,10,B1003
EOS100736,20,10,B1003
EOS100737,20,10,B1003
EOS100738,20,10,B1003
EOS100739,20,10,B1003
EOS100740,20,10,B1003
EOS100741,20,10,B1003
EOS100742,20,10,B1003
EOS100743,20,10,B1003
EOS100744,20,10,B1003
EOS100745,20,10,B1003
EOS100746,20,10,B1003
EOS100747,20,10,B1003
EOS100748,20,10,B1003
EOS100749,20,10,B1003
EOS100750,20,10,B1003
EOS100751,20,10,B1003
EOS100752,20,10,B1003
EOS100753,20,10,B1003
EOS100754,20,10,B1003
EOS100755,20,10,B1003
EOS100756,20,10,B1003
EOS100757,20,10,B1003
EOS100758,20,10,B1003
EOS100759,20,10,B1003
EOS100760,20,10,B1003
EOS100761,20,10,B1003
EOS100762,20,10,B1003
EOS100763,20,10,B1003
EOS100764,20,10,B1003
EOS100765,20,10,B1003
EOS100766,20,10,B1003
EOS100767,20,10,B1003
EOS100768,20,10,B1003
EOS100769,20,10,B1003
EOS100770,20,10,B1003
EOS100771,20,10,B1003
EOS100772,20,10,B1003
EOS100773,20,10,B1003
EOS100774,20,10,B1003
EOS100775,20,10,B1003
EOS100776,20,10,B1003
EOS100777,20,10,B1003
EOS100778,20,10,B1003
EOS100779,20,10,B1003
EOS100780,20,10,B1003
EOS100781,20,10,B1003
EOS100782,20,10,B1003
EOS100783,20,10,B1003
EOS100784,20,10,B1003
EOS100785,20,10,B1003
EOS100786,20,10,B1003
EOS100787,20,10,B1003
EOS100788,20,10,B1003
EOS100789,20,10,B1003
EOS100790,20,10,B1003
EOS100791,20,10,B1003
EOS100792,20,10,B1003
EOS100793,20,10,B1003
EOS100794,20,10,B1003
EOS100795,20,10,B1003
EOS100796,20,10,B1003
EOS100797,20,10,B1003
EOS100798,20,10,B1003
EOS100799,20,10,B1003
EOS100800,20,10,B1003
EOS100801,20,10,B1003
EOS100802,20,10,B1003
EOS100803,20,10,B1003
EOS100804,20,10,B1003
EOS100805,20,10,B1003
EOS100806,20,10,B1003
EOS100807,20,10,B1003
EOS100808,20,10,B1003
EOS100809,20,10,B1003
EOS100810,20,10,B1003
EOS100811,20,10,B1003
EOS100812,20,10,B1003
EOS100813,20,10,B1003
EOS100814,20,10,B1003
EOS100815,20,10,B1003
EOS100816,20,10,B1003
EOS100817,20,10,B1003
EOS100818,20,10,B1003
EOS100819,20,10,B1003
EOS100820,20,10,B1003
EOS100821,20,10,B1003
EOS100822,20,10,B1003
EOS100823,20,10,B1003
EOS100824,20,10,B1003
EOS100825,20,10,B1003
EOS100826,20,10,B1003
EOS100827,20,10,B1003
EOS100828,20,10,B1003
EOS100829,20,10,B1003
EOS100830,20,10,B1003
EOS100831,20,10,B1003
EOS100832,20,10,B1003
EOS100833,20,10,B1003
EOS100834,20,10,B1003
EOS100835,20,10,B1003
EOS100836,20,10,B1003
EOS100837,20,10,B1003
EOS100838,20,10,B1003
EOS100839,20,10,B1003
EOS100840,20,10,B1003
EOS100841,20,10,B1003
EOS100842,20,10,B1003
EOS100843,20,10,B1003
EOS100844,20,10,B1003
EOS100845,20,10,B1003
EOS100846,20,10,B1003
EOS100847,20,10,B1003
EOS100848,20,10,B1003
EOS100849,20,10,B1003
EOS100850,20,10,B1003
EOS100851,20,10,B1003
EOS100852,20,10,B1003
EOS100853,20,10,B1003
EOS100854,20,10,B1003
EOS100855,20,10,B1003
EOS100856,20,10,B1003
EOS100857,20,10,B1003
EOS100858,20,10,B1003
EOS100859,20,10,B1003
EOS100860,20,10,B1003
EOS100861,20,10,B1003
EOS100862,20,10,B1003
EOS100863,20,10,B1003
EOS100864,20,10,B1003
EOS100865,20,10,B1003
EOS100866,20,10,B1003
EOS100867,20,10,B1003
EOS100868,20,10,B1003
EOS100869,20,10,B1003
EOS100870,20,10,B1003
EOS100871,20,10,B1003
EOS100872,20,10,B1003
EOS100873,20,10,B1003
EOS100874,20,10,B1003
EOS100875,20,10,B1003
EOS100876,20,10,B1003
EOS100877,20,10,B1003
EOS100878,20,10,B1003
EOS100879,20,10,B1003
EOS100880,20,10,B1003
EOS100881,20,10,B1003
EOS100882,20,10,B1003
EOS100883,20,10,B1003
EOS100884,20,10,B1003
EOS100885,20,10,B1003
EOS100886,20,10,B1003
EOS100887,20,10,B1003
EOS100888,20,10,B1003
EOS100889,20,10,B1003
EOS100890,20,10,B1003
EOS100891,20,10,B1003
EOS100892,20,10,B1003
EOS100893,20,10,B1003
EOS100894,20,10,B1003
EOS100895,20,10,B1003
EOS100896,20,10,B1003
EOS100897,20,10,B1003
EOS100898,20,10,B1003
EOS100899,20,10,B1003
EOS100900,20,10,B1003
EOS100901,20,10,B1003
EOS100902,20,10,B1003
EOS100903,20,10,B1003
EOS100904,20,10,B1003
EOS100905,20,10,B1003
EOS100906,20,10,B1003
EOS100907,20,10,B1003
EOS100908,20,10,B1003
EOS100909,20,10,B1003
EOS100910,20,10,B1003
EOS100911,20,10,B1003
EOS100912,20,10,B1003
EOS100913,20,10,B1003
EOS100914,20,10,B1003
EOS100915,20,10,B1003
EOS100916,20,10,B1003
EOS100917,20,10,B1003
EOS100918,20,10,B1003
EOS100919,20,10,B1003
EOS100920,20,10,B1003
EOS100921,20,10,B1003
EOS100922,20,10,B1003
EOS100923,20,10,B1003
EOS100924,20,10,B1003
EOS100925,20,10,B1003
EOS100926,20,10,B1003
EOS100927,20,10,B1003
EOS100928,20,10,B1003
EOS100929,20,10,B1003
EOS100930,20,10,B1003
EOS100931,20,10,B1003
EOS100932,20,10,B1003
EOS100933,20,10,B1003
EOS100934,20,10,B1003
EOS100935,20,10,B1003
EOS100936,20,10,B1003
EOS100937,20,10,B1003
EOS100938,20,10,B1003
EOS100939,20,10,B1003
EOS100940,20,10,B1003
EOS100941,20,10,B1003
EOS100942,20,10,B1003
EOS100943,20,10,B1003
EOS100944,20,10,B1003
EOS100945,20,10,B1003
EOS100946,20,10,B1003
EOS100947,20,10,B1003
EOS100948,20,10,B1003
EOS100949,20,10,B1003
EOS100950,20,10,B1003
EOS100951,20,10,B1003
EOS100952,20,10,B1003
EOS100953,20,10,B1003
EOS100954,20,10,B1003
EOS100955,20,10,B1003
EOS100956,20,10,B1003
EOS100957,20,10,B1003
EOS100958,20,10,B1003
EOS100959,20,10,B1003
EOS100960,20,10,B1003
EOS100961,20,10,B1003
EOS100962,20,10,B1003
EOS100963,20,10,B1003
EOS100964,20,10,B1003
EOS100965,20,10,B1003
EOS100966,20,10,B1003
EOS100967,20,10,B1003
EOS100968,20,10,B1003
EOS100969,20,10,B1003
EOS100970,20,10,B1003
EOS100971,20,10,B1003
EOS100972,20,10,B1003
EOS100973,20,10,B1003
EOS100974,20,10,B1003
EOS100975,20,10,B1003
EOS100976,20,10,B1003
EOS100977,20,10,B1003
EOS100978,20,10,B1003
EOS100979,20,10,B1003
EOS100980,20,10,B1003
EOS100981,20,10,B1003
EOS100982,20,10,B1003
EOS100983,20,10,B1003
EOS100984,20,10,B1003
EOS100985,20,10,B1003
EOS100986,20,10,B1003
EOS100987,20,10,B1003
EOS100988,20,10,B1003
EOS100989,20,10,B1003
EOS100990,20,10,B1003
EOS100991,20,10,B1003
EOS100992,20,10,B1003
EOS100993,20,10,B1003
EOS100994,20,10,B1003
EOS100995,20,10,B1003
EOS100996,20,10,B1003
EOS100997,20,10,B1003
EOS100998,20,10,B1003
EOS100999,20,10,B1003
EOS101000,20,10,B1003
EOS101001,20,10,B1003
EOS101002,20,10,B1003
EOS101003,20,10,B1003
EOS101004,20,10,B1003
EOS101005,20,10,B1003
EOS101006,20,10,B1003
EOS101007,20,10,B1003
EOS101008,20,10,B1003
EOS101009,20,10,B1003
EOS101010,20,10,B1003
EOS101011,20,10,B1003
EOS101012,20,10,B1003
EOS101013,20,10,B1003
EOS101014,20,10,B1003
EOS101015,20,10,B1003
EOS101016,20,10,B1003
EOS101017,20,10,B1003
EOS101018,20,10,B1003
EOS101019,20,10,B1003
EOS101020,20,10,B1003
EOS101021,20,10,B1003
EOS101022,20,10,B1003
EOS101023,20,10,B1003
EOS101024,20,10,B1003
EOS101025,20,10,B1003
EOS101026,20,10,B1003
EOS101027,20,10,B1003
EOS101028,20,10,B1003
EOS101029,20,10,B1003
EOS101030,20,10,B1003
EOS101031,20,10,B1003
EOS101032,20,10,B1003
EOS101033,20,10,B1003
EOS101034,20,10,B1003
EOS101035,20,10,B1003
EOS101036,20,10,B1003
EOS101037,20,10,B1003
EOS101038,20,10,B1003
EOS101039,20,10,B1003
EOS101040,20,10,B1003
EOS101041,20,10,B1003
EOS101042,20,10,B1003
EOS101043,20,10,B1003
EOS101044,20,10,B1003
EOS101045,20,10,B1003
EOS101046,20,10,B1003
EOS101047,20,10,B1003
EOS101048,20,10,B1003
EOS101049,20,10,B1003
EOS101050,20,10,B1003
EOS101051,20,10,B1003
EOS101052,20,10,B1003
EOS101053,20,10,B1003
EOS101054,20,10,B1003
EOS101055,20,10,B1003
EOS101056,20,10,B1003
EOS101057,20,10,B1004
EOS101058,20,10,B1004
EOS101059,20,10,B1004
EOS101060,20,10,B1004
EOS101061,20,10,B1004
EOS101062,20,10,B1004
EOS101063,20,10,B1004
EOS101064,20,10,B1004
EOS101065,20,10,B1004
EOS101066,20,10,B1004
EOS101067,20,10,B1004
EOS101068,20,10,B1004
EOS101069,20,10,B1004
EOS101070,20,10,B1004
EOS101071,20,10,B1004
EOS101072,20,10,B1004
EOS101073,20,10,B1004
EOS101074,20,10,B1004
EOS101075,20,10,B1004
EOS101076,20,10,B1004
EOS101077,20,10,B1004
EOS101078,20,10,B1004
EOS101079,20,10,B1004
EOS101080,20,10,B1004
EOS101081,20,10,B1004
EOS101082,20,10,B1004
EOS101083,20,10,B1004
EOS101084,20,10,B1004
EOS101085,20,10,B1004
EOS101086,20,10,B1004
EOS101087,20,10,B1004
EOS101088,20,10,B1004
EOS101089,20,10,B1004
EOS101090,20,10,B1004
EOS101091,20,10,B1004
EOS101092,20,10,B1004
EOS101093,20,10,B1004
EOS101094,20,10,B1004
EOS101095,20,10,B1004
EOS101096,20,10,B1004
EOS101097,20,10,B1004
EOS101098,20,10,B1004
EOS101099,20,10,B1004
EOS101100,20,10,B1004
EOS101101,20,10,B1004
EOS101102,20,10,B1004
EOS101103,20,10,B1004
EOS101104,20,10,B1004
EOS101105,20,10,B1004
EOS101106,20,10,B1004
EOS101107,20,10,B1004
EOS101108,20,10,B1004
EOS101109,20,10,B1004
EOS101110,20,10,B1004
EOS101111,20,10,B1004
EOS101112,20,10,B1004
EOS101113,20,10,B1004
EOS101114,20,10,B1004
EOS101115,20,10,B1004
EOS101116,20,10,B1004
EOS101117,20,10,B1004
EOS101118,20,10,B1004
EOS101119,20,10,B1004
EOS101120,20,10,B1004
EOS101121,20,10,B1004
EOS101122,20,10,B1004
EOS101123,20,10,B1004
EOS101124,20,10,B1004
EOS101125,20,10,B1004
EOS101126,20,10,B1004
EOS101127,20,10,B1004
EOS101128,20,10,B1004
EOS101129,20,10,B1004
EOS101130,20,10,B1004
EOS101131,20,10,B1004
EOS101132,20,10,B1004
EOS101133,20,10,B1004
EOS101134,20,10,B1004
EOS101135,20,10,B1004
EOS101136,20,10,B1004
EOS101137,20,10,B1004
EOS101138,20,10,B1004
EOS101139,20,10,B1004
EOS101140,20,10,B1004
EOS101141,20,10,B1004
EOS101142,20,10,B1004
EOS101143,20,10,B1004
EOS101144,20,10,B1004
EOS101145,20,10,B1004
EOS101146,20,10,B1004
EOS101147,20,10,B1004
EOS101148,20,10,B1004
EOS101149,20,10,B1004
EOS101150,20,10,B1004
EOS101151,20,10,B1004
EOS101152,20,10,B1004
EOS101153,20,10,B1004
EOS101154,20,10,B1004
EOS101155,20,10,B1004
EOS101156,20,10,B1004
EOS101157,20,10,B1004
EOS101158,20,10,B1004
EOS101159,20,10,B1004
EOS101160,20,10,B1004
EOS101161,20,10,B1004
EOS101162,20,10,B1004
EOS101163,20,10,B1004
EOS101164,20,10,B1004
EOS101165,20,10,B1004
EOS101166,20,10,B1004
EOS101167,20,10,B1004
EOS101168,20,10,B1004
EOS101169,20,10,B1004
EOS101170,20,10,B1004
EOS101171,20,10,B1004
EOS101172,20,10,B1004
EOS101173,20,10,B1004
EOS101174,20,10,B1004
EOS101175,20,10,B1004
EOS101176,20,10,B1004
EOS101177,20,10,B1004
EOS101178,20,10,B1004
EOS101179,20,10,B1004
EOS101180,20,10,B1004
EOS101181,20,10,B1004
EOS101182,20,10,B1004
EOS101183,20,10,B1004
EOS101184,20,10,B1004
EOS101185,20,10,B1004
EOS101186,20,10,B1004
EOS101187,20,10,B1004
EOS101188,20,10,B1004
EOS101189,20,10,B1004
EOS101190,20,10,B1004
EOS101191,20,10,B1004
EOS101192,20,10,B1004
EOS101193,20,10,B1004
EOS101194,20,10,B1004
EOS101195,20,10,B1004
EOS101196,20,10,B1004
EOS101197,20,10,B1004
EOS101198,20,10,B1004
EOS101199,20,10,B1004
EOS101200,20,10,B1004
EOS101201,20,10,B1004
EOS101202,20,10,B1004
EOS101203,20,10,B1004
EOS101204,20,10,B1004
EOS101205,20,10,B1004
EOS101206,20,10,B1004
EOS101207,20,10,B1004
EOS101208,20,10,B1004
EOS101209,20,10,B1004
EOS101210,20,10,B1004
EOS101211,20,10,B1004
EOS101212,20,10,B1004
EOS101213,20,10,B1004
EOS101214,20,10,B1004
EOS101215,20,10,B1004
EOS101216,20,10,B1004
EOS101217,20,10,B1004
EOS101218,20,10,B1004
EOS101219,20,10,B1004
EOS101220,20,10,B1004
EOS101221,20,10,B1004
EOS101222,20,10,B1004
EOS101223,20,10,B1004
EOS101224,20,10,B1004
EOS101225,20,10,B1004
EOS101226,20,10,B1004
EOS101227,20,10,B1004
EOS101228,20,10,B1004
EOS101229,20,10,B1004
EOS101230,20,10,B1004
EOS101231,20,10,B1004
EOS101232,20,10,B1004
EOS101233,20,10,B1004
EOS101234,20,10,B1004
EOS101235,20,10,B1004
EOS101236,20,10,B1004
EOS101237,20,10,B1004
EOS101238,20,10,B1004
EOS101239,20,10,B1004
EOS101240,20,10,B1004
EOS101241,20,10,B1004
EOS101242,20,10,B1004
EOS101243,20,10,B1004
EOS101244,20,10,B1004
EOS101245,20,10,B1004
EOS101246,20,10,B1004
EOS101247,20,10,B1004
EOS101248,20,10,B1004
EOS101249,20,10,B1004
EOS101250,20,10,B1004
EOS101251,20,10,B1004
EOS101252,20,10,B1004
EOS101253,20,10,B1004
EOS101254,20,10,B1004
EOS101255,20,10,B1004
EOS101256,20,10,B1004
EOS101257,20,10,B1004
EOS101258,20,10,B1004
EOS101259,20,10,B1004
EOS101260,20,10,B1004
EOS101261,20,10,B1004
EOS101262,20,10,B1004
EOS101263,20,10,B1004
EOS101264,20,10,B1004
EOS101265,20,10,B1004
EOS101266,20,10,B1004
EOS101267,20,10,B1004
EOS101268,20,10,B1004
EOS101269,20,10,B1004
EOS101270,20,10,B1004
EOS101271,20,10,B1004
EOS101272,20,10,B1004
EOS101273,20,10,B1004
EOS101274,20,10,B1004
EOS101275,20,10,B1004
EOS101276,20,10,B1004
EOS101277,20,10,B1004
EOS101278,20,10,B1004
EOS101279,20,10,B1004
EOS101280,20,10,B1004
EOS101281,20,10,B1004
EOS101282,20,10,B1004
EOS101283,20,10,B1004
EOS101284,20,10,B1004
EOS101285,20,10,B1004
EOS101286,20,10,B1004
EOS101287,20,10,B1004
EOS101288,20,10,B1004
EOS101289,20,10,B1004
EOS101290,20,10,B1004
EOS101291,20,10,B1004
EOS101292,20,10,B1004
EOS101293,20,10,B1004
EOS101294,20,10,B1004
EOS101295,20,10,B1004
EOS101296,20,10,B1004
EOS101297,20,10,B1004
EOS101298,20,10,B1004
EOS101299,20,10,B1004
EOS101300,20,10,B1004
EOS101301,20,10,B1004
EOS101302,20,10,B1004
EOS101303,20,10,B1004
EOS101304,20,10,B1004
EOS101305,20,10,B1004
EOS101306,20,10,B1004
EOS101307,20,10,B1004
EOS101308,20,10,B1004
EOS101309,20,10,B1004
EOS101310,20,10,B1004
EOS101311,20,10,B1004
EOS101312,20,10,B1004
EOS101313,20,10,B1004
EOS101314,20,10,B1004
EOS101315,20,10,B1004
EOS101316,20,10,B1004
EOS101317,20,10,B1004
EOS101318,20,10,B1004
EOS101319,20,10,B1004
EOS101320,20,10,B1004
EOS101321,20,10,B1004
EOS101322,20,10,B1004
EOS101323,20,10,B1004
EOS101324,20,10,B1004
EOS101325,20,10,B1004
EOS101326,20,10,B1004
EOS101327,20,10,B1004
EOS101328,20,10,B1004
EOS101329,20,10,B1004
EOS101330,20,10,B1004
EOS101331,20,10,B1004
EOS101332,20,10,B1004
EOS101333,20,10,B1004
EOS101334,20,10,B1004
EOS101335,20,10,B1004
EOS101336,20,10,B1004
EOS101337,20,10,B1004
EOS101338,20,10,B1004
EOS101339,20,10,B1004
EOS101340,20,10,B1004
EOS101341,20,10,B1004
EOS101342,20,10,B1004
EOS101343,20,10,B1004
EOS101344,20,10,B1004
EOS101345,20,10,B1004
EOS101346,20,10,B1004
EOS101347,20,10,B1004
EOS101348,20,10,B1004
EOS101349,20,10,B1004
EOS101350,20,10,B1004
EOS101351,20,10,B1004
EOS101352,20,10,B1004
EOS101353,20,10,B1004
EOS101354,20,10,B1004
EOS101355,20,10,B1004
EOS101356,20,10,B1004
EOS101357,20,10,B1004
EOS101358,20,10,B1004
EOS101359,20,10,B1004
EOS101360,20,10,B1004
EOS101361,20,10,B1004
EOS101362,20,10,B1004
EOS101363,20,10,B1004
EOS101364,20,10,B1004
EOS101365,20,10,B1004
EOS101366,20,10,B1004
EOS101367,20,10,B1004
EOS101368,20,10,B1004
EOS101369,20,10,B1004
EOS101370,20,10,B1004
EOS101371,20,10,B1004
EOS101372,20,10,B1004
EOS101373,20,10,B1004
EOS101374,20,10,B1004
EOS101375,20,10,B1004
EOS101376,20,10,B1004
EOS101377,20,10,B1004
EOS101378,20,10,B1004
EOS101379,20,10,B1004
EOS101380,20,10,B1004
EOS101381,20,10,B1004
EOS101382,20,10,B1004
EOS101383,20,10,B1004
EOS101384,20,10,B1004
EOS101385,20,10,B1004
EOS101386,20,10,B1004
EOS101387,20,10,B1004
EOS101388,20,10,B1004
EOS101389,20,10,B1004
EOS101390,20,10,B1004
EOS101391,20,10,B1004
EOS101392,20,10,B1004
EOS101393,20,10,B1004
EOS101394,20,10,B1004
EOS101395,20,10,B1004
EOS101396,20,10,B1004
EOS101397,20,10,B1004
EOS101398,20,10,B1004
EOS101399,20,10,B1004
EOS101400,20,10,B1004
EOS101401,20,10,B1004
EOS101402,20,10,B1004
EOS101403,20,10,B1004
EOS101404,20,10,B1004
EOS101405,20,10,B1004
EOS101406,20,10,B1004
EOS101407,20,10,B1004
EOS101408,20,10,B1004
EOS101409,20,10,B1005
EOS101410,20,10,B1005
EOS101411,20,10,B1005
EOS101412,20,10,B1005
EOS101413,20,10,B1005
EOS101414,20,10,B1005
EOS101415,20,10,B1005
EOS101416,20,10,B1005
EOS101417,20,10,B1005
EOS101418,20,10,B1005
EOS101419,20,10,B1005
EOS101420,20,10,B1005
EOS101421,20,10,B1005
EOS101422,20,10,B1005
EOS101423,20,10,B1005
EOS101424,20,10,B1005
EOS101425,20,10,B1005
EOS101426,20,10,B1005
EOS101427,20,10,B1005
EOS101428,20,10,B1005
EOS101429,20,10,B1005
EOS101430,20,10,B1005
EOS101431,20,10,B1005
EOS101432,20,10,B1005
EOS101433,20,10,B1005
EOS101434,20,10,B1005
EOS101435,20,10,B1005
EOS101436,20,10,B1005
EOS101437,20,10,B1005
EOS101438,20,10,B1005
EOS101439,20,10,B1005
EOS101440,20,10,B1005
EOS101441,20,10,B1005
EOS101442,20,10,B1005
EOS101443,20,10,B1005
EOS101444,20,10,B1005
EOS101445,20,10,B1005
EOS101446,20,10,B1005
EOS101447,20,10,B1005
EOS101448,20,10,B1005
EOS101449,20,10,B1005
EOS101450,20,10,B1005
EOS101451,20,10,B1005
EOS101452,20,10,B1005
EOS101453,20,10,B1005
EOS101454,20,10,B1005
EOS101455,20,10,B1005
EOS101456,20,10,B1005
EOS101457,20,10,B1005
EOS101458,20,10,B1005
EOS101459,20,10,B1005
EOS101460,20,10,B1005
EOS101461,20,10,B1005
EOS101462,20,10,B1005
EOS101463,20,10,B1005
EOS101464,20,10,B1005
EOS101465,20,10,B1005
EOS101466,20,10,B1005
EOS101467,20,10,B1005
EOS101468,20,10,B1005
EOS101469,20,10,B1005
EOS101470,20,10,B1005
EOS101471,20,10,B1005
EOS101472,20,10,B1005
EOS101473,20,10,B1005
EOS101474,20,10,B1005
EOS101475,20,10,B1005
EOS101476,20,10,B1005
EOS101477,20,10,B1005
EOS101478,20,10,B1005
EOS101479,20,10,B1005
EOS101480,20,10,B1005
EOS101481,20,10,B1005
EOS101482,20,10,B1005
EOS101483,20,10,B1005
EOS101484,20,10,B1005
EOS101485,20,10,B1005
EOS101486,20,10,B1005
EOS101487,20,10,B1005
EOS101488,20,10,B1005
EOS101489,20,10,B1005
EOS101490,20,10,B1005
EOS101491,20,10,B1005
EOS101492,20,10,B1005
EOS101493,20,10,B1005
EOS101494,20,10,B1005
EOS101495,20,10,B1005
EOS101496,20,10,B1005
EOS101497,20,10,B1005
EOS101498,20,10,B1005
EOS101499,20,10,B1005
EOS101500,20,10,B1005
EOS101501,20,10,B1005
EOS101502,20,10,B1005
EOS101503,20,10,B1005
EOS101504,20,10,B1005
EOS101505,20,10,B1005
EOS101506,20,10,B1005
EOS101507,20,10,B1005
EOS101508,20,10,B1005
EOS101509,20,10,B1005
EOS101510,20,10,B1005
EOS101511,20,10,B1005
EOS101512,20,10,B1005
EOS101513,20,10,B1005
EOS101514,20,10,B1005
EOS101515,20,10,B1005
EOS101516,20,10,B1005
EOS101517,20,10,B1005
EOS101518,20,10,B1005
EOS101519,20,10,B1005
EOS101520,20,10,B1005
EOS101521,20,10,B1005
EOS101522,20,10,B1005
EOS101523,20,10,B1005
EOS101524,20,10,B1005
EOS101525,20,10,B1005
EOS101526,20,10,B1005
EOS101527,20,10,B1005
EOS101528,20,10,B1005
EOS101529,20,10,B1005
EOS101530,20,10,B1005
EOS101531,20,10,B1005
EOS101532,20,10,B1005
EOS101533,20,10,B1005
EOS101534,20,10,B1005
EOS101535,20,10,B1005
EOS101536,20,10,B1005
EOS101537,20,10,B1005
EOS101538,20,10,B1005
EOS101539,20,10,B1005
EOS101540,20,10,B1005
EOS101541,20,10,B1005
EOS101542,20,10,B1005
EOS101543,20,10,B1005
EOS101544,20,10,B1005
EOS101545,20,10,B1005
EOS101546,20,10,B1005
EOS101547,20,10,B1005
EOS101548,20,10,B1005
EOS101549,20,10,B1005
EOS101550,20,10,B1005
EOS101551,20,10,B1005
EOS101552,20,10,B1005
EOS101553,20,10,B1005
EOS101554,20,10,B1005
EOS101555,20,10,B1005
EOS101556,20,10,B1005
EOS101557,20,10,B1005
EOS101558,20,10,B1005
EOS101559,20,10,B1005
EOS101560,20,10,B1005
EOS101561,20,10,B1005
EOS101562,20,10,B1005
EOS101563,20,10,B1005
EOS101564,20,10,B1005
EOS101565,20,10,B1005
EOS101566,20,10,B1005
EOS101567,20,10,B1005
EOS101568,20,10,B1005
EOS101569,20,10,B1005
EOS101570,20,10,B1005
EOS101571,20,10,B1005
EOS101572,20,10,B1005
EOS101573,20,10,B1005
EOS101574,20,10,B1005
EOS101575,20,10,B1005
EOS101576,20,10,B1005
EOS101577,20,10,B1005
EOS101578,20,10,B1005
EOS101579,20,10,B1005
EOS101580,20,10,B1005
EOS101581,20,10,B1005
EOS101582,20,10,B1005
EOS101583,20,10,B1005
EOS101584,20,10,B1005
EOS101585,20,10,B1005
EOS101586,20,10,B1005
EOS101587,20,10,B1005
EOS101588,20,10,B1005
EOS101589,20,10,B1005
EOS101590,20,10,B1005
EOS101591,20,10,B1005
EOS101592,20,10,B1005
EOS101593,20,10,B1005
EOS101594,20,10,B1005
EOS101595,20,10,B1005
EOS101596,20,10,B1005
EOS101597,20,10,B1005
EOS101598,20,10,B1005
EOS101599,20,10,B1005
EOS101600,20,10,B1005
EOS101601,20,10,B1005
EOS101602,20,10,B1005
EOS101603,20,10,B1005
EOS101604,20,10,B1005
EOS101605,20,10,B1005
EOS101606,20,10,B1005
EOS101607,20,10,B1005
EOS101608,20,10,B1005
EOS101609,20,10,B1005
EOS101610,20,10,B1005
EOS101611,20,10,B1005
EOS101612,20,10,B1005
EOS101613,20,10,B1005
EOS101614,20,10,B1005
EOS101615,20,10,B1005
EOS101616,20,10,B1005
EOS101617,20,10,B1005
EOS101618,20,10,B1005
EOS101619,20,10,B1005
EOS101620,20,10,B1005
EOS101621,20,10,B1005
EOS101622,20,10,B1005
EOS101623,20,10,B1005
EOS101624,20,10,B1005
EOS101625,20,10,B1005
EOS101626,20,10,B1005
EOS101627,20,10,B1005
EOS101628,20,10,B1005
EOS101629,20,10,B1005
EOS101630,20,10,B1005
EOS101631,20,10,B1005
EOS101632,20,10,B1005
EOS101633,20,10,B1005
EOS101634,20,10,B1005
EOS101635,20,10,B1005
EOS101636,20,10,B1005
EOS101637,20,10,B1005
EOS101638,20,10,B1005
EOS101639,20,10,B1005
EOS101640,20,10,B1005
EOS101641,20,10,B1005
EOS101642,20,10,B1005
EOS101643,20,10,B1005
EOS101644,20,10,B1005
EOS101645,20,10,B1005
EOS101646,20,10,B1005
EOS101647,20,10,B1005
EOS101648,20,10,B1005
EOS101649,20,10,B1005
EOS101650,20,10,B1005
EOS101651,20,10,B1005
EOS101652,20,10,B1005
EOS101653,20,10,B1005
EOS101654,20,10,B1005
EOS101655,20,10,B1005
EOS101656,20,10,B1005
EOS101657,20,10,B1005
EOS101658,20,10,B1005
EOS101659,20,10,B1005
EOS101660,20,10,B1005
EOS101661,20,10,B1005
EOS101662,20,10,B1005
EOS101663,20,10,B1005
EOS101664,20,10,B1005
EOS101665,20,10,B1005
EOS101666,20,10,B1005
EOS101667,20,10,B1005
EOS101668,20,10,B1005
EOS101669,20,10,B1005
EOS101670,20,10,B1005
EOS101671,20,10,B1005
EOS101672,20,10,B1005
EOS101673,20,10,B1005
EOS101674,20,10,B1005
EOS101675,20,10,B1005
EOS101676,20,10,B1005
EOS101677,20,10,B1005
EOS101678,20,10,B1005
EOS101679,20,10,B1005
EOS101680,20,10,B1005
EOS101681,20,10,B1005
EOS101682,20,10,B1005
EOS101683,20,10,B1005
EOS101684,20,10,B1005
EOS101685,20,10,B1005
EOS101686,20,10,B1005
EOS101687,20,10,B1005
EOS101688,20,10,B1005
EOS101689,20,10,B1005
EOS101690,20,10,B1005
EOS101691,20,10,B1005
EOS101692,20,10,B1005
EOS101693,20,10,B1005
EOS101694,20,10,B1005
EOS101695,20,10,B1005
EOS101696,20,10,B1005
EOS101697,20,10,B1005
EOS101698,20,10,B1005
EOS101699,20,10,B1005
EOS101700,20,10,B1005
EOS101701,20,10,B1005
EOS101702,20,10,B1005
EOS101703,20,10,B1005
EOS101704,20,10,B1005
EOS101705,20,10,B1005
EOS101706,20,10,B1005
EOS101707,20,10,B1005
EOS101708,20,10,B1005
EOS101709,20,10,B1005
EOS101710,20,10,B1005
EOS101711,20,10,B1005
EOS101712,20,10,B1005
EOS101713,20,10,B1005
EOS101714,20,10,B1005
EOS101715,20,10,B1005
EOS101716,20,10,B1005
EOS101717,20,10,B1005
EOS101718,20,10,B1005
EOS101719,20,10,B1005
EOS101720,20,10,B1005
EOS101721,20,10,B1005
EOS101722,20,10,B1005
EOS101723,20,10,B1005
EOS101724,20,10,B1005
EOS101725,20,10,B1005
EOS101726,20,10,B1005
EOS101727,20,10,B1005
EOS101728,20,10,B1005
EOS101729,20,10,B1005
EOS101730,20,10,B1005
EOS101731,20,10,B1005
EOS101732,20,10,B1005
EOS101733,20,10,B1005
EOS101734,20,10,B1005
EOS101735,20,10,B1005
EOS101736,20,10,B1005
EOS101737,20,10,B1005
EOS101738,20,10,B1005
EOS101739,20,10,B1005
EOS101740,20,10,B1005
EOS101741,20,10,B1005
EOS101742,20,10,B1005
EOS101743,20,10,B1005
EOS101744,20,10,B1005
EOS101745,20,10,B1005
EOS101746,20,10,B1005
EOS101747,20,10,B1005
EOS101748,20,10,B1005
EOS101749,20,10,B1005
EOS101750,20,10,B1005
EOS101751,20,10,B1005
EOS101752,20,10,B1005
EOS101753,20,10,B1005
EOS101754,20,10,B1005
EOS101755,20,10,B1005
EOS101756,20,10,B1005
EOS101757,20,10,B1005
EOS101758,20,10,B1005
EOS101759,20,10,B1005
EOS101760,20,10,B1005
EOS101761,20,10,B1006
EOS101762,20,10,B1006
EOS101763,20,10,B1006
EOS101764,20,10,B1006
EOS101765,20,10,B1006
EOS101766,20,10,B1006
EOS101767,20,10,B1006
EOS101768,20,10,B1006
EOS101769,20,10,B1006
EOS101770,20,10,B1006
EOS101771,20,10,B1006
EOS101772,20,10,B1006
EOS101773,20,10,B1006
EOS101774,20,10,B1006
EOS101775,20,10,B1006
EOS101776,20,10,B1006
EOS101777,20,10,B1006
EOS101778,20,10,B1006
EOS101779,20,10,B1006
EOS101780,20,10,B1006
EOS101781,20,10,B1006
EOS101782,20,10,B1006
EOS101783,20,10,B1006
EOS101784,20,10,B1006
EOS101785,20,10,B1006
EOS101786,20,10,B1006
EOS101787,20,10,B1006
EOS101788,20,10,B1006
EOS101789,20,10,B1006
EOS101790,20,10,B1006
EOS101791,20,10,B1006
EOS101792,20,10,B1006
EOS101793,20,10,B1006
EOS101794,20,10,B1006
EOS101795,20,10,B1006
EOS101796,20,10,B1006
EOS101797,20,10,B1006
EOS101798,20,10,B1006
EOS101799,20,10,B1006
EOS101800,20,10,B1006
EOS101801,20,10,B1006
EOS101802,20,10,B1006
EOS101803,20,10,B1006
EOS101804,20,10,B1006
EOS101805,20,10,B1006
EOS101806,20,10,B1006
EOS101807,20,10,B1006
EOS101808,20,10,B1006
EOS101809,20,10,B1006
EOS101810,20,10,B1006
EOS101811,20,10,B1006
EOS101812,20,10,B1006
EOS101813,20,10,B1006
EOS101814,20,10,B1006
EOS101815,20,10,B1006
EOS101816,20,10,B1006
EOS101817,20,10,B1006
EOS101818,20,10,B1006
EOS101819,20,10,B1006
EOS101820,20,10,B1006
EOS101821,20,10,B1006
EOS101822,20,10,B1006
EOS101823,20,10,B1006
EOS101824,20,10,B1006
EOS101825,20,10,B1006
EOS101826,20,10,B1006
EOS101827,20,10,B1006
EOS101828,20,10,B1006
EOS101829,20,10,B1006
EOS101830,20,10,B1006
EOS101831,20,10,B1006
EOS101832,20,10,B1006
EOS101833,20,10,B1006
EOS101834,20,10,B1006
EOS101835,20,10,B1006
EOS101836,20,10,B1006
EOS101837,20,10,B1006
EOS101838,20,10,B1006
EOS101839,20,10,B1006
EOS101840,20,10,B1006
EOS101841,20,10,B1006
EOS101842,20,10,B1006
EOS101843,20,10,B1006
EOS101844,20,10,B1006
EOS101845,20,10,B1006
EOS101846,20,10,B1006
EOS101847,20,10,B1006
EOS101848,20,10,B1006
EOS101849,20,10,B1006
EOS101850,20,10,B1006
EOS101851,20,10,B1006
EOS101852,20,10,B1006
EOS101853,20,10,B1006
EOS101854,20,10,B1006
EOS101855,20,10,B1006
EOS101856,20,10,B1006
EOS101857,20,10,B1006
EOS101858,20,10,B1006
EOS101859,20,10,B1006
EOS101860,20,10,B1006
EOS101861,20,10,B1006
EOS101862,20,10,B1006
EOS101863,20,10,B1006
EOS101864,20,10,B1006
EOS101865,20,10,B1006
EOS101866,20,10,B1006
EOS101867,20,10,B1006
EOS101868,20,10,B1006
EOS101869,20,10,B1006
EOS101870,20,10,B1006
EOS101871,20,10,B1006
EOS101872,20,10,B1006
EOS101873,20,10,B1006
EOS101874,20,10,B1006
EOS101875,20,10,B1006
EOS101876,20,10,B1006
EOS101877,20,10,B1006
EOS101878,20,10,B1006
EOS101879,20,10,B1006
EOS101880,20,10,B1006
EOS101881,20,10,B1006
EOS101882,20,10,B1006
EOS101883,20,10,B1006
EOS101884,20,10,B1006
EOS101885,20,10,B1006
EOS101886,20,10,B1006
EOS101887,20,10,B1006
EOS101888,20,10,B1006
EOS101889,20,10,B1006
EOS101890,20,10,B1006
EOS101891,20,10,B1006
EOS101892,20,10,B1006
EOS101893,20,10,B1006
EOS101894,20,10,B1006
EOS101895,20,10,B1006
EOS101896,20,10,B1006
EOS101897,20,10,B1006
EOS101898,20,10,B1006
EOS101899,20,10,B1006
EOS101900,20,10,B1006
EOS101901,20,10,B1006
EOS101902,20,10,B1006
EOS101903,20,10,B1006
EOS101904,20,10,B1006
EOS101905,20,10,B1006
EOS101906,20,10,B1006
EOS101907,20,10,B1006
EOS101908,20,10,B1006
EOS101909,20,10,B1006
EOS101910,20,10,B1006
EOS101911,20,10,B1006
EOS101912,20,10,B1006
EOS101913,20,10,B1006
EOS101914,20,10,B1006
EOS101915,20,10,B1006
EOS101916,20,10,B1006
EOS101917,20,10,B1006
EOS101918,20,10,B1006
EOS101919,20,10,B1006
EOS101920,20,10,B1006
EOS101921,20,10,B1006
EOS101922,20,10,B1006
EOS101923,20,10,B1006
EOS101924,20,10,B1006
EOS101925,20,10,B1006
EOS101926,20,10,B1006
EOS101927,20,10,B1006
EOS101928,20,10,B1006
EOS101929,20,10,B1006
EOS101930,20,10,B1006
EOS101931,20,10,B1006
EOS101932,20,10,B1006
EOS101933,20,10,B1006
EOS101934,20,10,B1006
EOS101935,20,10,B1006
EOS101936,20,10,B1006
EOS101937,20,10,B1006
EOS101938,20,10,B1006
EOS101939,20,10,B1006
EOS101940,20,10,B1006
EOS101941,20,10,B1006
EOS101942,20,10,B1006
EOS101943,20,10,B1006
EOS101944,20,10,B1006
EOS101945,20,10,B1006
EOS101946,20,10,B1006
EOS101947,20,10,B1006
EOS101948,20,10,B1006
EOS101949,20,10,B1006
EOS101950,20,10,B1006
EOS101951,20,10,B1006
EOS101952,20,10,B1006
EOS101953,20,10,B1006
EOS101954,20,10,B1006
EOS101955,20,10,B1006
EOS101956,20,10,B1006
EOS101957,20,10,B1006
EOS101958,20,10,B1006
EOS101959,20,10,B1006
EOS101960,20,10,B1006
EOS101961,20,10,B1006
EOS101962,20,10,B1006
EOS101963,20,10,B1006
EOS101964,20,10,B1006
EOS101965,20,10,B1006
EOS101966,20,10,B1006
EOS101967,20,10,B1006
EOS101968,20,10,B1006
EOS101969,20,10,B1006
EOS101970,20,10,B1006
EOS101971,20,10,B1006
EOS101972,20,10,B1006
EOS101973,20,10,B1006
EOS101974,20,10,B1006
EOS101975,20,10,B1006
EOS101976,20,10,B1006
EOS101977,20,10,B1006
EOS101978,20,10,B1006
EOS101979,20,10,B1006
EOS101980,20,10,B1006
EOS101981,20,10,B1006
EOS101982,20,10,B1006
EOS101983,20,10,B1006
EOS101984,20,10,B1006
EOS101985,20,10,B1006
EOS101986,20,10,B1006
EOS101987,20,10,B1006
EOS101988,20,10,B1006
EOS101989,20,10,B1006
EOS101990,20,10,B1006
EOS101991,20,10,B1006
EOS101992,20,10,B1006
EOS101993,20,10,B1006
EOS101994,20,10,B1006
EOS101995,20,10,B1006
EOS101996,20,10,B1006
EOS101997,20,10,B1006
EOS101998,20,10,B1006
EOS101999,20,10,B1006
EOS102000,20,10,B1006
EOS102001,20,10,B1006
EOS102002,20,10,B1006
EOS102003,20,10,B1006
EOS102004,20,10,B1006
EOS102005,20,10,B1006
EOS102006,20,10,B1006
EOS102007,20,10,B1006
EOS102008,20,10,B1006
EOS102009,20,10,B1006
EOS102010,20,10,B1006
EOS102011,20,10,B1006
EOS102012,20,10,B1006
EOS102013,20,10,B1006
EOS102014,20,10,B1006
EOS102015,20,10,B1006
EOS102016,20,10,B1006
EOS102017,20,10,B1006
EOS102018,20,10,B1006
EOS102019,20,10,B1006
EOS102020,20,10,B1006
EOS102021,20,10,B1006
EOS102022,20,10,B1006
EOS102023,20,10,B1006
EOS102024,20,10,B1006
EOS102025,20,10,B1006
EOS102026,20,10,B1006
EOS102027,20,10,B1006
EOS102028,20,10,B1006
EOS102029,20,10,B1006
EOS102030,20,10,B1006
EOS102031,20,10,B1006
EOS102032,20,10,B1006
EOS102033,20,10,B1006
EOS102034,20,10,B1006
EOS102035,20,10,B1006
EOS102036,20,10,B1006
EOS102037,20,10,B1006
EOS102038,20,10,B1006
EOS102039,20,10,B1006
EOS102040,20,10,B1006
EOS102041,20,10,B1006
EOS102042,20,10,B1006
EOS102043,20,10,B1006
EOS102044,20,10,B1006
EOS102045,20,10,B1006
EOS102046,20,10,B1006
EOS102047,20,10,B1006
EOS102048,20,10,B1006
EOS102049,20,10,B1006
EOS102050,20,10,B1006
EOS102051,20,10,B1006
EOS102052,20,10,B1006
EOS102053,20,10,B1006
EOS102054,20,10,B1006
EOS102055,20,10,B1006
EOS102056,20,10,B1006
EOS102057,20,10,B1006
EOS102058,20,10,B1006
EOS102059,20,10,B1006
EOS102060,20,10,B1006
EOS102061,20,10,B1006
EOS102062,20,10,B1006
EOS102063,20,10,B1006
EOS102064,20,10,B1006
EOS102065,20,10,B1006
EOS102066,20,10,B1006
EOS102067,20,10,B1006
EOS102068,20,10,B1006
EOS102069,20,10,B1006
EOS102070,20,10,B1006
EOS102071,20,10,B1006
EOS102072,20,10,B1006
EOS102073,20,10,B1006
EOS102074,20,10,B1006
EOS102075,20,10,B1006
EOS102076,20,10,B1006
EOS102077,20,10,B1006
EOS102078,20,10,B1006
EOS102079,20,10,B1006
EOS102080,20,10,B1006
EOS102081,20,10,B1006
EOS102082,20,10,B1006
EOS102083,20,10,B1006
EOS102084,20,10,B1006
EOS102085,20,10,B1006
EOS102086,20,10,B1006
EOS102087,20,10,B1006
EOS102088,20,10,B1006
EOS102089,20,10,B1006
EOS102090,20,10,B1006
EOS102091,20,10,B1006
EOS102092,20,10,B1006
EOS102093,20,10,B1006
EOS102094,20,10,B1006
EOS102095,20,10,B1006
EOS102096,20,10,B1006
EOS102097,20,10,B1006
EOS102098,20,10,B1006
EOS102099,20,10,B1006
EOS102100,20,10,B1006
EOS102101,20,10,B1006
EOS102102,20,10,B1006
EOS102103,20,10,B1006
EOS102104,20,10,B1006
EOS102105,20,10,B1006
EOS102106,20,10,B1006
EOS102107,20,10,B1006
EOS102108,20,10,B1006
EOS102109,20,10,B1006
EOS102110,20,10,B1006
EOS102111,20,10,B1006
EOS102112,20,10,B1006
EOS102113,20,10,B1007
EOS102114,20,10,B1007
EOS102115,20,10,B1007
EOS102116,20,10,B1007
EOS102117,20,10,B1007
EOS102118,20,10,B1007
EOS102119,20,10,B1007
EOS102120,20,10,B1007
EOS102121,20,10,B1007
EOS102122,20,10,B1007
EOS102123,20,10,B1007
EOS102124,20,10,B1007
EOS102125,20,10,B1007
EOS102126,20,10,B1007
EOS102127,20,10,B1007
EOS102128,20,10,B1007
EOS102129,20,10,B1007
EOS102130,20,10,B1007
EOS102131,20,10,B1007
EOS102132,20,10,B1007
EOS102133,20,10,B1007
EOS102134,20,10,B1007
EOS102135,20,10,B1007
EOS102136,20,10,B1007
EOS102137,20,10,B1007
EOS102138,20,10,B1007
EOS102139,20,10,B1007
EOS102140,20,10,B1007
EOS102141,20,10,B1007
EOS102142,20,10,B1007
EOS102143,20,10,B1007
EOS102144,20,10,B1007
EOS102145,20,10,B1007
EOS102146,20,10,B1007
EOS102147,20,10,B1007
EOS102148,20,10,B1007
EOS102149,20,10,B1007
EOS102150,20,10,B1007
EOS102151,20,10,B1007
EOS102152,20,10,B1007
EOS102153,20,10,B1007
EOS102154,20,10,B1007
EOS102155,20,10,B1007
EOS102156,20,10,B1007
EOS102157,20,10,B1007
EOS102158,20,10,B1007
EOS102159,20,10,B1007
EOS102160,20,10,B1007
EOS102161,20,10,B1007
EOS102162,20,10,B1007
EOS102163,20,10,B1007
EOS102164,20,10,B1007
EOS102165,20,10,B1007
EOS102166,20,10,B1007
EOS102167,20,10,B1007
EOS102168,20,10,B1007
EOS102169,20,10,B1007
EOS102170,20,10,B1007
EOS102171,20,10,B1007
EOS102172,20,10,B1007
EOS102173,20,10,B1007
EOS102174,20,10,B1007
EOS102175,20,10,B1007
EOS102176,20,10,B1007
EOS102177,20,10,B1007
EOS102178,20,10,B1007
EOS102179,20,10,B1007
EOS102180,20,10,B1007
EOS102181,20,10,B1007
EOS102182,20,10,B1007
EOS102183,20,10,B1007
EOS102184,20,10,B1007
EOS102185,20,10,B1007
EOS102186,20,10,B1007
EOS102187,20,10,B1007
EOS102188,20,10,B1007
EOS102189,20,10,B1007
EOS102190,20,10,B1007
EOS102191,20,10,B1007
EOS102192,20,10,B1007
EOS102193,20,10,B1007
EOS102194,20,10,B1007
EOS102195,20,10,B1007
EOS102196,20,10,B1007
EOS102197,20,10,B1007
EOS102198,20,10,B1007
EOS102199,20,10,B1007
EOS102200,20,10,B1007
EOS102201,20,10,B1007
EOS102202,20,10,B1007
EOS102203,20,10,B1007
EOS102204,20,10,B1007
EOS102205,20,10,B1007
EOS102206,20,10,B1007
EOS102207,20,10,B1007
EOS102208,20,10,B1007
EOS102209,20,10,B1007
EOS102210,20,10,B1007
EOS102211,20,10,B1007
EOS102212,20,10,B1007
EOS102213,20,10,B1007
EOS102214,20,10,B1007
EOS102215,20,10,B1007
EOS102216,20,10,B1007
EOS102217,20,10,B1007
EOS102218,20,10,B1007
EOS102219,20,10,B1007
EOS102220,20,10,B1007
EOS102221,20,10,B1007
EOS102222,20,10,B1007
EOS102223,20,10,B1007
EOS102224,20,10,B1007
EOS102225,20,10,B1007
EOS102226,20,10,B1007
EOS102227,20,10,B1007
EOS102228,20,10,B1007
EOS102229,20,10,B1007
EOS102230,20,10,B1007
EOS102231,20,10,B1007
EOS102232,20,10,B1007
EOS102233,20,10,B1007
EOS102234,20,10,B1007
EOS102235,20,10,B1007
EOS102236,20,10,B1007
EOS102237,20,10,B1007
EOS102238,20,10,B1007
EOS102239,20,10,B1007
EOS102240,20,10,B1007
EOS102241,20,10,B1007
EOS102242,20,10,B1007
EOS102243,20,10,B1007
EOS102244,20,10,B1007
EOS102245,20,10,B1007
EOS102246,20,10,B1007
EOS102247,20,10,B1007
EOS102248,20,10,B1007
EOS102249,20,10,B1007
EOS102250,20,10,B1007
EOS102251,20,10,B1007
EOS102252,20,10,B1007
EOS102253,20,10,B1007
EOS102254,20,10,B1007
EOS102255,20,10,B1007
EOS102256,20,10,B1007
EOS102257,20,10,B1007
EOS102258,20,10,B1007
EOS102259,20,10,B1007
EOS102260,20,10,B1007
EOS102261,20,10,B1007
EOS102262,20,10,B1007
EOS102263,20,10,B1007
EOS102264,20,10,B1007
EOS102265,20,10,B1007
EOS102266,20,10,B1007
EOS102267,20,10,B1007
EOS102268,20,10,B1007
EOS102269,20,10,B1007
EOS102270,20,10,B1007
EOS102271,20,10,B1007
EOS102272,20,10,B1007
EOS102273,20,10,B1007
EOS102274,20,10,B1007
EOS102275,20,10,B1007
EOS102276,20,10,B1007
EOS102277,20,10,B1007
EOS102278,20,10,B1007
EOS102279,20,10,B1007
EOS102280,20,10,B1007
EOS102281,20,10,B1007
EOS102282,20,10,B1007
EOS102283,20,10,B1007
EOS102284,20,10,B1007
EOS102285,20,10,B1007
EOS102286,20,10,B1007
EOS102287,20,10,B1007
EOS102288,20,10,B1007
EOS102289,20,10,B1007
EOS102290,20,10,B1007
EOS102291,20,10,B1007
EOS102292,20,10,B1007
EOS102293,20,10,B1007
EOS102294,20,10,B1007
EOS102295,20,10,B1007
EOS102296,20,10,B1007
EOS102297,20,10,B1007
EOS102298,20,10,B1007
EOS102299,20,10,B1007
EOS102300,20,10,B1007
EOS102301,20,10,B1007
EOS102302,20,10,B1007
EOS102303,20,10,B1007
EOS102304,20,10,B1007
EOS102305,20,10,B1007
EOS102306,20,10,B1007
EOS102307,20,10,B1007
EOS102308,20,10,B1007
EOS102309,20,10,B1007
EOS102310,20,10,B1007
EOS102311,20,10,B1007
EOS102312,20,10,B1007
EOS102313,20,10,B1007
EOS102314,20,10,B1007
EOS102315,20,10,B1007
EOS102316,20,10,B1007
EOS102317,20,10,B1007
EOS102318,20,10,B1007
EOS102319,20,10,B1007
EOS102320,20,10,B1007
EOS102321,20,10,B1007
EOS102322,20,10,B1007
EOS102323,20,10,B1007
EOS102324,20,10,B1007
EOS102325,20,10,B1007
EOS102326,20,10,B1007
EOS102327,20,10,B1007
EOS102328,20,10,B1007
EOS102329,20,10,B1007
EOS102330,20,10,B1007
EOS102331,20,10,B1007
EOS102332,20,10,B1007
EOS102333,20,10,B1007
EOS102334,20,10,B1007
EOS102335,20,10,B1007
EOS102336,20,10,B1007
EOS102337,20,10,B1007
EOS102338,20,10,B1007
EOS102339,20,10,B1007
EOS102340,20,10,B1007
EOS102341,20,10,B1007
EOS102342,20,10,B1007
EOS102343,20,10,B1007
EOS102344,20,10,B1007
EOS102345,20,10,B1007
EOS102346,20,10,B1007
EOS102347,20,10,B1007
EOS102348,20,10,B1007
EOS102349,20,10,B1007
EOS102350,20,10,B1007
EOS102351,20,10,B1007
EOS102352,20,10,B1007
EOS102353,20,10,B1007
EOS102354,20,10,B1007
EOS102355,20,10,B1007
EOS102356,20,10,B1007
EOS102357,20,10,B1007
EOS102358,20,10,B1007
EOS102359,20,10,B1007
EOS102360,20,10,B1007
EOS102361,20,10,B1007
EOS102362,20,10,B1007
EOS102363,20,10,B1007
EOS102364,20,10,B1007
EOS102365,20,10,B1007
EOS102366,20,10,B1007
EOS102367,20,10,B1007
EOS102368,20,10,B1007
EOS102369,20,10,B1007
EOS102370,20,10,B1007
EOS102371,20,10,B1007
EOS102372,20,10,B1007
EOS102373,20,10,B1007
EOS102374,20,10,B1007
EOS102375,20,10,B1007
EOS102376,20,10,B1007
EOS102377,20,10,B1007
EOS102378,20,10,B1007
EOS102379,20,10,B1007
EOS102380,20,10,B1007
EOS102381,20,10,B1007
EOS102382,20,10,B1007
EOS102383,20,10,B1007
EOS102384,20,10,B1007
EOS102385,20,10,B1007
EOS102386,20,10,B1007
EOS102387,20,10,B1007
EOS102388,20,10,B1007
EOS102389,20,10,B1007
EOS102390,20,10,B1007
EOS102391,20,10,B1007
EOS102392,20,10,B1007
EOS102393,20,10,B1007
EOS102394,20,10,B1007
EOS102395,20,10,B1007
EOS102396,20,10,B1007
EOS102397,20,10,B1007
EOS102398,20,10,B1007
EOS102399,20,10,B1007
EOS102400,20,10,B1007
EOS102401,20,10,B1007
EOS102402,20,10,B1007
EOS102403,20,10,B1007
EOS102404,20,10,B1007
EOS102405,20,10,B1007
EOS102406,20,10,B1007
EOS102407,20,10,B1007
EOS102408,20,10,B1007
EOS102409,20,10,B1007
EOS102410,20,10,B1007
EOS102411,20,10,B1007
EOS102412,20,10,B1007
EOS102413,20,10,B1007
EOS102414,20,10,B1007
EOS102415,20,10,B1007
EOS102416,20,10,B1007
EOS102417,20,10,B1007
EOS102418,20,10,B1007
EOS102419,20,10,B1007
EOS102420,20,10,B1007
EOS102421,20,10,B1007
EOS102422,20,10,B1007
EOS102423,20,10,B1007
EOS102424,20,10,B1007
EOS102425,20,10,B1007
EOS102426,20,10,B1007
EOS102427,20,10,B1007
EOS102428,20,10,B1007
EOS102429,20,10,B1007
EOS102430,20,10,B1007
EOS102431,20,10,B1007
EOS102432,20,10,B1007
EOS102433,20,10,B1007
EOS102434,20,10,B1007
EOS102435,20,10,B1007
EOS102436,20,10,B1007
EOS102437,20,10,B1007
EOS102438,20,10,B1007
EOS102439,20,10,B1007
EOS102440,20,10,B1007
EOS102441,20,10,B1007
EOS102442,20,10,B1007
EOS102443,20,10,B1007
EOS102444,20,10,B1007
EOS102445,20,10,B1007
EOS102446,20,10,B1007
EOS102447,20,10,B1007
EOS102448,20,10,B1007
EOS102449,20,10,B1007
EOS102450,20,10,B1007
EOS102451,20,10,B1007
EOS102452,20,10,B1007
EOS102453,20,10,B1007
EOS102454,20,10,B1007
EOS102455,20,10,B1007
EOS102456,20,10,B1007
EOS102457,20,10,B1007
EOS102458,20,10,B1007
EOS102459,20,10,B1007
EOS102460,20,10,B1007
EOS102461,20,10,B1007
EOS102462,20,10,B1007
EOS102463,20,10,B1007
EOS102464,20,10,B1007
Nocodazole,266,"0, 5","B1001, B1002, B1003, B1004, B1005, B1006, B1007"
Tetrandrine,266,"0, 5","B1001, B1002, B1003, B1004, B1005, B1006, B1007"
